county,office,district,party,candidate,votes
Adams,President,,DEM,Kamala D. Harris,4443
Adams,President,,REP,Donald J. Trump,7763
Adams,President,,CON,Randall Terry,20
Adams,President,,LIB,Chase Russell Oliver,44
Adams,President,,WGR,Jill Stein,188
Adams,President,,NP,Claudia De la Cruz,35
Adams,President,,NP,Cornel West,40
Adams,President,,NP,Robert F. Kennedy Jr.,320
Adams,President,,NP,Peter Sonski,0
Adams,President,,NP,Cherunda Lynn Fox,0
Ashland,President,,DEM,Kamala D. Harris,4612
Ashland,President,,REP,Donald J. Trump,4191
Ashland,President,,CON,Randall Terry,8
Ashland,President,,LIB,Chase Russell Oliver,26
Ashland,President,,WGR,Jill Stein,26
Ashland,President,,NP,Claudia De la Cruz,3
Ashland,President,,NP,Cornel West,15
Ashland,President,,NP,Robert F. Kennedy Jr.,52
Ashland,President,,NP,Peter Sonski,2
Ashland,President,,NP,Cherunda Lynn Fox,0
Barron,President,,DEM,Kamala D. Harris,8941
Barron,President,,REP,Donald J. Trump,16726
Barron,President,,CON,Randall Terry,40
Barron,President,,LIB,Chase Russell Oliver,71
Barron,President,,WGR,Jill Stein,284
Barron,President,,NP,Claudia De la Cruz,24
Barron,President,,NP,Cornel West,86
Barron,President,,NP,Robert F. Kennedy Jr.,603
Barron,President,,NP,Peter Sonski,5
Barron,President,,NP,Cherunda Lynn Fox,0
Bayfield,President,,DEM,Kamala D. Harris,6107
Bayfield,President,,REP,Donald J. Trump,4860
Bayfield,President,,CON,Randall Terry,13
Bayfield,President,,LIB,Chase Russell Oliver,27
Bayfield,President,,WGR,Jill Stein,87
Bayfield,President,,NP,Claudia De la Cruz,8
Bayfield,President,,NP,Cornel West,14
Bayfield,President,,NP,Robert F. Kennedy Jr.,88
Bayfield,President,,NP,Peter Sonski,0
Bayfield,President,,NP,Cherunda Lynn Fox,0
Brown,President,,DEM,Kamala D. Harris,67937
Brown,President,,REP,Donald J. Trump,79132
Brown,President,,CON,Randall Terry,172
Brown,President,,LIB,Chase Russell Oliver,436
Brown,President,,WGR,Jill Stein,346
Brown,President,,NP,Claudia De la Cruz,76
Brown,President,,NP,Cornel West,79
Brown,President,,NP,Robert F. Kennedy Jr.,782
Brown,President,,NP,Peter Sonski,23
Brown,President,,NP,Cherunda Lynn Fox,0
Buffalo,President,,DEM,Kamala D. Harris,2765
Buffalo,President,,REP,Donald J. Trump,5213
Buffalo,President,,CON,Randall Terry,16
Buffalo,President,,LIB,Chase Russell Oliver,17
Buffalo,President,,WGR,Jill Stein,20
Buffalo,President,,NP,Claudia De la Cruz,2
Buffalo,President,,NP,Cornel West,1
Buffalo,President,,NP,Robert F. Kennedy Jr.,57
Buffalo,President,,NP,Peter Sonski,0
Buffalo,President,,NP,Cherunda Lynn Fox,0
Burnett,President,,DEM,Kamala D. Harris,3665
Burnett,President,,REP,Donald J. Trump,7008
Burnett,President,,CON,Randall Terry,13
Burnett,President,,LIB,Chase Russell Oliver,33
Burnett,President,,WGR,Jill Stein,19
Burnett,President,,NP,Claudia De la Cruz,2
Burnett,President,,NP,Cornel West,1
Burnett,President,,NP,Robert F. Kennedy Jr.,66
Burnett,President,,NP,Peter Sonski,3
Burnett,President,,NP,Cherunda Lynn Fox,0
Calumet,President,,DEM,Kamala D. Harris,12927
Calumet,President,,REP,Donald J. Trump,19488
Calumet,President,,CON,Randall Terry,42
Calumet,President,,LIB,Chase Russell Oliver,93
Calumet,President,,WGR,Jill Stein,83
Calumet,President,,NP,Claudia De la Cruz,10
Calumet,President,,NP,Cornel West,16
Calumet,President,,NP,Robert F. Kennedy Jr.,201
Calumet,President,,NP,Peter Sonski,4
Calumet,President,,NP,Cherunda Lynn Fox,0
Chippewa,President,,DEM,Kamala D. Harris,14573
Chippewa,President,,REP,Donald J. Trump,23399
Chippewa,President,,CON,Randall Terry,57
Chippewa,President,,LIB,Chase Russell Oliver,118
Chippewa,President,,WGR,Jill Stein,61
Chippewa,President,,NP,Claudia De la Cruz,10
Chippewa,President,,NP,Cornel West,12
Chippewa,President,,NP,Robert F. Kennedy Jr.,170
Chippewa,President,,NP,Peter Sonski,2
Chippewa,President,,NP,Cherunda Lynn Fox,0
Clark,President,,DEM,Kamala D. Harris,4509
Clark,President,,REP,Donald J. Trump,10481
Clark,President,,CON,Randall Terry,38
Clark,President,,LIB,Chase Russell Oliver,40
Clark,President,,WGR,Jill Stein,71
Clark,President,,NP,Claudia De la Cruz,7
Clark,President,,NP,Cornel West,9
Clark,President,,NP,Robert F. Kennedy Jr.,160
Clark,President,,NP,Peter Sonski,0
Clark,President,,NP,Cherunda Lynn Fox,0
Columbia,President,,DEM,Kamala D. Harris,16388
Columbia,President,,REP,Donald J. Trump,17988
Columbia,President,,CON,Randall Terry,46
Columbia,President,,LIB,Chase Russell Oliver,108
Columbia,President,,WGR,Jill Stein,83
Columbia,President,,NP,Claudia De la Cruz,12
Columbia,President,,NP,Cornel West,19
Columbia,President,,NP,Robert F. Kennedy Jr.,199
Columbia,President,,NP,Peter Sonski,4
Columbia,President,,NP,Cherunda Lynn Fox,0
Crawford,President,,DEM,Kamala D. Harris,3860
Crawford,President,,REP,Donald J. Trump,5113
Crawford,President,,CON,Randall Terry,13
Crawford,President,,LIB,Chase Russell Oliver,17
Crawford,President,,WGR,Jill Stein,15
Crawford,President,,NP,Claudia De la Cruz,3
Crawford,President,,NP,Cornel West,6
Crawford,President,,NP,Robert F. Kennedy Jr.,57
Crawford,President,,NP,Peter Sonski,0
Crawford,President,,NP,Cherunda Lynn Fox,0
Dane,President,,DEM,Kamala D. Harris,273995
Dane,President,,REP,Donald J. Trump,85454
Dane,President,,CON,Randall Terry,297
Dane,President,,LIB,Chase Russell Oliver,1209
Dane,President,,WGR,Jill Stein,1721
Dane,President,,NP,Claudia De la Cruz,396
Dane,President,,NP,Cornel West,355
Dane,President,,NP,Robert F. Kennedy Jr.,1413
Dane,President,,NP,Peter Sonski,110
Dane,President,,NP,Cherunda Lynn Fox,0
Dodge,President,,DEM,Kamala D. Harris,16518
Dodge,President,,REP,Donald J. Trump,33067
Dodge,President,,CON,Randall Terry,81
Dodge,President,,LIB,Chase Russell Oliver,145
Dodge,President,,WGR,Jill Stein,132
Dodge,President,,NP,Claudia De la Cruz,16
Dodge,President,,NP,Cornel West,24
Dodge,President,,NP,Robert F. Kennedy Jr.,309
Dodge,President,,NP,Peter Sonski,8
Dodge,President,,NP,Cherunda Lynn Fox,0
Door,President,,DEM,Kamala D. Harris,10565
Door,President,,REP,Donald J. Trump,10099
Door,President,,CON,Randall Terry,24
Door,President,,LIB,Chase Russell Oliver,51
Door,President,,WGR,Jill Stein,40
Door,President,,NP,Claudia De la Cruz,8
Door,President,,NP,Cornel West,10
Door,President,,NP,Robert F. Kennedy Jr.,99
Door,President,,NP,Peter Sonski,5
Door,President,,NP,Cherunda Lynn Fox,0
Douglas,President,,DEM,Kamala D. Harris,13073
Douglas,President,,REP,Donald J. Trump,11732
Douglas,President,,CON,Randall Terry,26
Douglas,President,,LIB,Chase Russell Oliver,91
Douglas,President,,WGR,Jill Stein,74
Douglas,President,,NP,Claudia De la Cruz,9
Douglas,President,,NP,Cornel West,10
Douglas,President,,NP,Robert F. Kennedy Jr.,150
Douglas,President,,NP,Peter Sonski,4
Douglas,President,,NP,Cherunda Lynn Fox,0
Dunn,President,,DEM,Kamala D. Harris,10643
Dunn,President,,REP,Donald J. Trump,14726
Dunn,President,,CON,Randall Terry,26
Dunn,President,,LIB,Chase Russell Oliver,83
Dunn,President,,WGR,Jill Stein,53
Dunn,President,,NP,Claudia De la Cruz,13
Dunn,President,,NP,Cornel West,12
Dunn,President,,NP,Robert F. Kennedy Jr.,118
Dunn,President,,NP,Peter Sonski,4
Dunn,President,,NP,Cherunda Lynn Fox,0
Eau Claire,President,,DEM,Kamala D. Harris,34400
Eau Claire,President,,REP,Donald J. Trump,27728
Eau Claire,President,,CON,Randall Terry,68
Eau Claire,President,,LIB,Chase Russell Oliver,225
Eau Claire,President,,WGR,Jill Stein,197
Eau Claire,President,,NP,Claudia De la Cruz,45
Eau Claire,President,,NP,Cornel West,25
Eau Claire,President,,NP,Robert F. Kennedy Jr.,315
Eau Claire,President,,NP,Peter Sonski,17
Eau Claire,President,,NP,Cherunda Lynn Fox,0
Florence,President,,DEM,Kamala D. Harris,783
Florence,President,,REP,Donald J. Trump,2356
Florence,President,,CON,Randall Terry,2
Florence,President,,LIB,Chase Russell Oliver,5
Florence,President,,WGR,Jill Stein,2
Florence,President,,NP,Claudia De la Cruz,0
Florence,President,,NP,Cornel West,1
Florence,President,,NP,Robert F. Kennedy Jr.,9
Florence,President,,NP,Peter Sonski,0
Florence,President,,NP,Cherunda Lynn Fox,0
Fond Du Lac,President,,DEM,Kamala D. Harris,20495
Fond Du Lac,President,,REP,Donald J. Trump,37272
Fond Du Lac,President,,CON,Randall Terry,76
Fond Du Lac,President,,LIB,Chase Russell Oliver,148
Fond Du Lac,President,,WGR,Jill Stein,125
Fond Du Lac,President,,NP,Claudia De la Cruz,19
Fond Du Lac,President,,NP,Cornel West,24
Fond Du Lac,President,,NP,Robert F. Kennedy Jr.,279
Fond Du Lac,President,,NP,Peter Sonski,10
Fond Du Lac,President,,NP,Cherunda Lynn Fox,0
Forest,President,,DEM,Kamala D. Harris,1681
Forest,President,,REP,Donald J. Trump,3382
Forest,President,,CON,Randall Terry,1
Forest,President,,LIB,Chase Russell Oliver,12
Forest,President,,WGR,Jill Stein,7
Forest,President,,NP,Claudia De la Cruz,0
Forest,President,,NP,Cornel West,0
Forest,President,,NP,Robert F. Kennedy Jr.,12
Forest,President,,NP,Peter Sonski,0
Forest,President,,NP,Cherunda Lynn Fox,0
Grant,President,,DEM,Kamala D. Harris,10966
Grant,President,,REP,Donald J. Trump,15922
Grant,President,,CON,Randall Terry,35
Grant,President,,LIB,Chase Russell Oliver,76
Grant,President,,WGR,Jill Stein,52
Grant,President,,NP,Claudia De la Cruz,9
Grant,President,,NP,Cornel West,7
Grant,President,,NP,Robert F. Kennedy Jr.,187
Grant,President,,NP,Peter Sonski,3
Grant,President,,NP,Cherunda Lynn Fox,0
Green,President,,DEM,Kamala D. Harris,10903
Green,President,,REP,Donald J. Trump,10843
Green,President,,CON,Randall Terry,41
Green,President,,LIB,Chase Russell Oliver,73
Green,President,,WGR,Jill Stein,52
Green,President,,NP,Claudia De la Cruz,5
Green,President,,NP,Cornel West,7
Green,President,,NP,Robert F. Kennedy Jr.,102
Green,President,,NP,Peter Sonski,0
Green,President,,NP,Cherunda Lynn Fox,0
Green Lake,President,,DEM,Kamala D. Harris,3449
Green Lake,President,,REP,Donald J. Trump,7458
Green Lake,President,,CON,Randall Terry,19
Green Lake,President,,LIB,Chase Russell Oliver,38
Green Lake,President,,WGR,Jill Stein,12
Green Lake,President,,NP,Claudia De la Cruz,2
Green Lake,President,,NP,Cornel West,2
Green Lake,President,,NP,Robert F. Kennedy Jr.,53
Green Lake,President,,NP,Peter Sonski,2
Green Lake,President,,NP,Cherunda Lynn Fox,0
Iowa,President,,DEM,Kamala D. Harris,7750
Iowa,President,,REP,Donald J. Trump,6631
Iowa,President,,CON,Randall Terry,20
Iowa,President,,LIB,Chase Russell Oliver,49
Iowa,President,,WGR,Jill Stein,64
Iowa,President,,NP,Claudia De la Cruz,6
Iowa,President,,NP,Cornel West,11
Iowa,President,,NP,Robert F. Kennedy Jr.,116
Iowa,President,,NP,Peter Sonski,3
Iowa,President,,NP,Cherunda Lynn Fox,0
Iron,President,,DEM,Kamala D. Harris,1487
Iron,President,,REP,Donald J. Trump,2557
Iron,President,,CON,Randall Terry,3
Iron,President,,LIB,Chase Russell Oliver,2
Iron,President,,WGR,Jill Stein,10
Iron,President,,NP,Claudia De la Cruz,1
Iron,President,,NP,Cornel West,2
Iron,President,,NP,Robert F. Kennedy Jr.,17
Iron,President,,NP,Peter Sonski,0
Iron,President,,NP,Cherunda Lynn Fox,0
Jackson,President,,DEM,Kamala D. Harris,4157
Jackson,President,,REP,Donald J. Trump,6204
Jackson,President,,CON,Randall Terry,20
Jackson,President,,LIB,Chase Russell Oliver,21
Jackson,President,,WGR,Jill Stein,30
Jackson,President,,NP,Claudia De la Cruz,3
Jackson,President,,NP,Cornel West,6
Jackson,President,,NP,Robert F. Kennedy Jr.,60
Jackson,President,,NP,Peter Sonski,1
Jackson,President,,NP,Cherunda Lynn Fox,0
Jefferson,President,,DEM,Kamala D. Harris,20574
Jefferson,President,,REP,Donald J. Trump,28771
Jefferson,President,,CON,Randall Terry,58
Jefferson,President,,LIB,Chase Russell Oliver,186
Jefferson,President,,WGR,Jill Stein,98
Jefferson,President,,NP,Claudia De la Cruz,19
Jefferson,President,,NP,Cornel West,35
Jefferson,President,,NP,Robert F. Kennedy Jr.,294
Jefferson,President,,NP,Peter Sonski,2
Jefferson,President,,NP,Cherunda Lynn Fox,0
Adams,President,,DEM,Kamala D. Harris,0
Adams,President,,REP,Donald J. Trump,0
Adams,President,,CON,Randall Terry,0
Adams,President,,LIB,Chase Russell Oliver,29
Ashland,President,,DEM,Kamala D. Harris,0
Ashland,President,,REP,Donald J. Trump,0
Ashland,President,,CON,Randall Terry,0
Ashland,President,,LIB,Chase Russell Oliver,20
Barron,President,,DEM,Kamala D. Harris,0
Barron,President,,REP,Donald J. Trump,0
Barron,President,,CON,Randall Terry,0
Barron,President,,LIB,Chase Russell Oliver,29
Bayfield,President,,DEM,Kamala D. Harris,0
Bayfield,President,,REP,Donald J. Trump,0
Bayfield,President,,CON,Randall Terry,0
Bayfield,President,,LIB,Chase Russell Oliver,36
Brown,President,,DEM,Kamala D. Harris,0
Brown,President,,REP,Donald J. Trump,0
Brown,President,,CON,Randall Terry,0
Brown,President,,LIB,Chase Russell Oliver,350
Buffalo,President,,DEM,Kamala D. Harris,0
Buffalo,President,,REP,Donald J. Trump,0
Buffalo,President,,CON,Randall Terry,0
Buffalo,President,,LIB,Chase Russell Oliver,9
Burnett,President,,DEM,Kamala D. Harris,0
Burnett,President,,REP,Donald J. Trump,0
Burnett,President,,CON,Randall Terry,0
Burnett,President,,LIB,Chase Russell Oliver,0
Calumet,President,,DEM,Kamala D. Harris,0
Calumet,President,,REP,Donald J. Trump,0
Calumet,President,,CON,Randall Terry,0
Calumet,President,,LIB,Chase Russell Oliver,52
Chippewa,President,,DEM,Kamala D. Harris,0
Chippewa,President,,REP,Donald J. Trump,0
Chippewa,President,,CON,Randall Terry,0
Chippewa,President,,LIB,Chase Russell Oliver,69
Clark,President,,DEM,Kamala D. Harris,0
Clark,President,,REP,Donald J. Trump,0
Clark,President,,CON,Randall Terry,0
Clark,President,,LIB,Chase Russell Oliver,25
Columbia,President,,DEM,Kamala D. Harris,0
Columbia,President,,REP,Donald J. Trump,0
Columbia,President,,CON,Randall Terry,0
Columbia,President,,LIB,Chase Russell Oliver,67
Crawford,President,,DEM,Kamala D. Harris,0
Crawford,President,,REP,Donald J. Trump,0
Crawford,President,,CON,Randall Terry,0
Crawford,President,,LIB,Chase Russell Oliver,21
Dane,President,,DEM,Kamala D. Harris,11
Dane,President,,REP,Donald J. Trump,0
Dane,President,,CON,Randall Terry,0
Dane,President,,LIB,Chase Russell Oliver,968
Dodge,President,,DEM,Kamala D. Harris,0
Dodge,President,,REP,Donald J. Trump,0
Dodge,President,,CON,Randall Terry,0
Dodge,President,,LIB,Chase Russell Oliver,0
Door,President,,DEM,Kamala D. Harris,0
Door,President,,REP,Donald J. Trump,0
Door,President,,CON,Randall Terry,0
Door,President,,LIB,Chase Russell Oliver,43
Douglas,President,,DEM,Kamala D. Harris,0
Douglas,President,,REP,Donald J. Trump,0
Douglas,President,,CON,Randall Terry,0
Douglas,President,,LIB,Chase Russell Oliver,65
Dunn,President,,DEM,Kamala D. Harris,0
Dunn,President,,REP,Donald J. Trump,0
Dunn,President,,CON,Randall Terry,0
Dunn,President,,LIB,Chase Russell Oliver,0
Eau Claire,President,,DEM,Kamala D. Harris,0
Eau Claire,President,,REP,Donald J. Trump,0
Eau Claire,President,,CON,Randall Terry,0
Eau Claire,President,,LIB,Chase Russell Oliver,157
Florence,President,,DEM,Kamala D. Harris,0
Florence,President,,REP,Donald J. Trump,0
Florence,President,,CON,Randall Terry,0
Florence,President,,LIB,Chase Russell Oliver,0
Fond Du Lac,President,,DEM,Kamala D. Harris,0
Fond Du Lac,President,,REP,Donald J. Trump,0
Fond Du Lac,President,,CON,Randall Terry,0
Fond Du Lac,President,,LIB,Chase Russell Oliver,79
Forest,President,,DEM,Kamala D. Harris,0
Forest,President,,REP,Donald J. Trump,0
Forest,President,,CON,Randall Terry,0
Forest,President,,LIB,Chase Russell Oliver,2
Grant,President,,DEM,Kamala D. Harris,0
Grant,President,,REP,Donald J. Trump,0
Grant,President,,CON,Randall Terry,0
Grant,President,,LIB,Chase Russell Oliver,49
Green,President,,DEM,Kamala D. Harris,0
Green,President,,REP,Donald J. Trump,0
Green,President,,CON,Randall Terry,0
Green,President,,LIB,Chase Russell Oliver,50
Green Lake,President,,DEM,Kamala D. Harris,0
Green Lake,President,,REP,Donald J. Trump,0
Green Lake,President,,CON,Randall Terry,0
Green Lake,President,,LIB,Chase Russell Oliver,17
Iowa,President,,DEM,Kamala D. Harris,1
Iowa,President,,REP,Donald J. Trump,0
Iowa,President,,CON,Randall Terry,0
Iowa,President,,LIB,Chase Russell Oliver,26
Iron,President,,DEM,Kamala D. Harris,0
Iron,President,,REP,Donald J. Trump,0
Iron,President,,CON,Randall Terry,0
Iron,President,,LIB,Chase Russell Oliver,5
Jackson,President,,DEM,Kamala D. Harris,0
Jackson,President,,REP,Donald J. Trump,0
Jackson,President,,CON,Randall Terry,0
Jackson,President,,LIB,Chase Russell Oliver,0
Jefferson,President,,DEM,Kamala D. Harris,0
Jefferson,President,,REP,Donald J. Trump,0
Jefferson,President,,CON,Randall Terry,0
Jefferson,President,,LIB,Chase Russell Oliver,109
Jefferson,President,,WGR,Jill Stein,11
Jefferson,President,,NP,Claudia De la Cruz,27
Jefferson,President,,NP,Cornel West,2024
Jefferson,President,,NP,Robert F. Kennedy Jr.,11
Jefferson,President,,NP,Peter Sonski,26
Jefferson,President,,NP,Cherunda Lynn Fox,24
Juneau,President,,DEM,Kamala D. Harris,4854
Juneau,President,,REP,Donald J. Trump,9525
Juneau,President,,CON,Randall Terry,23
Juneau,President,,LIB,Chase Russell Oliver,29
Juneau,President,,WGR,Jill Stein,25
Juneau,President,,NP,Claudia De la Cruz,2
Juneau,President,,NP,Cornel West,4
Juneau,President,,NP,Robert F. Kennedy Jr.,66
Juneau,President,,NP,Peter Sonski,2
Juneau,President,,NP,Cherunda Lynn Fox,0
Kenosha,President,,DEM,Kamala D. Harris,41826
Kenosha,President,,REP,Donald J. Trump,47478
Kenosha,President,,CON,Randall Terry,99
Kenosha,President,,LIB,Chase Russell Oliver,208
Kenosha,President,,WGR,Jill Stein,302
Kenosha,President,,NP,Claudia De la Cruz,44
Kenosha,President,,NP,Cornel West,69
Kenosha,President,,NP,Robert F. Kennedy Jr.,446
Kenosha,President,,NP,Peter Sonski,9
Kenosha,President,,NP,Cherunda Lynn Fox,0
Kewaunee,President,,DEM,Kamala D. Harris,4059
Kewaunee,President,,REP,Donald J. Trump,8267
Kewaunee,President,,CON,Randall Terry,24
Kewaunee,President,,LIB,Chase Russell Oliver,35
Kewaunee,President,,WGR,Jill Stein,19
Kewaunee,President,,NP,Claudia De la Cruz,0
Kewaunee,President,,NP,Cornel West,4
Kewaunee,President,,NP,Robert F. Kennedy Jr.,58
Kewaunee,President,,NP,Peter Sonski,0
Kewaunee,President,,NP,Cherunda Lynn Fox,0
La Crosse,President,,DEM,Kamala D. Harris,39008
La Crosse,President,,REP,Donald J. Trump,32247
La Crosse,President,,CON,Randall Terry,88
La Crosse,President,,LIB,Chase Russell Oliver,218
La Crosse,President,,WGR,Jill Stein,199
La Crosse,President,,NP,Claudia De la Cruz,29
La Crosse,President,,NP,Cornel West,36
La Crosse,President,,NP,Robert F. Kennedy Jr.,417
La Crosse,President,,NP,Peter Sonski,19
La Crosse,President,,NP,Cherunda Lynn Fox,0
Lafayette,President,,DEM,Kamala D. Harris,3469
Lafayette,President,,REP,Donald J. Trump,5256
Lafayette,President,,CON,Randall Terry,10
Lafayette,President,,LIB,Chase Russell Oliver,17
Lafayette,President,,WGR,Jill Stein,21
Lafayette,President,,NP,Claudia De la Cruz,3
Lafayette,President,,NP,Cornel West,2
Lafayette,President,,NP,Robert F. Kennedy Jr.,54
Lafayette,President,,NP,Peter Sonski,0
Lafayette,President,,NP,Cherunda Lynn Fox,0
Langlade,President,,DEM,Kamala D. Harris,3746
Langlade,President,,REP,Donald J. Trump,7782
Langlade,President,,CON,Randall Terry,14
Langlade,President,,LIB,Chase Russell Oliver,26
Langlade,President,,WGR,Jill Stein,33
Langlade,President,,NP,Claudia De la Cruz,2
Langlade,President,,NP,Cornel West,5
Langlade,President,,NP,Robert F. Kennedy Jr.,51
Langlade,President,,NP,Peter Sonski,0
Langlade,President,,NP,Cherunda Lynn Fox,0
Lincoln,President,,DEM,Kamala D. Harris,6306
Lincoln,President,,REP,Donald J. Trump,10633
Lincoln,President,,CON,Randall Terry,33
Lincoln,President,,LIB,Chase Russell Oliver,36
Lincoln,President,,WGR,Jill Stein,44
Lincoln,President,,NP,Claudia De la Cruz,9
Lincoln,President,,NP,Cornel West,8
Lincoln,President,,NP,Robert F. Kennedy Jr.,119
Lincoln,President,,NP,Peter Sonski,0
Lincoln,President,,NP,Cherunda Lynn Fox,0
Manitowoc,President,,DEM,Kamala D. Harris,17399
Manitowoc,President,,REP,Donald J. Trump,28200
Manitowoc,President,,CON,Randall Terry,85
Manitowoc,President,,LIB,Chase Russell Oliver,151
Manitowoc,President,,WGR,Jill Stein,99
Manitowoc,President,,NP,Claudia De la Cruz,8
Manitowoc,President,,NP,Cornel West,27
Manitowoc,President,,NP,Robert F. Kennedy Jr.,266
Manitowoc,President,,NP,Peter Sonski,3
Manitowoc,President,,NP,Cherunda Lynn Fox,0
Marathon,President,,DEM,Kamala D. Harris,31529
Marathon,President,,REP,Donald J. Trump,46213
Marathon,President,,CON,Randall Terry,93
Marathon,President,,LIB,Chase Russell Oliver,266
Marathon,President,,WGR,Jill Stein,180
Marathon,President,,NP,Claudia De la Cruz,19
Marathon,President,,NP,Cornel West,26
Marathon,President,,NP,Robert F. Kennedy Jr.,349
Marathon,President,,NP,Peter Sonski,4
Marathon,President,,NP,Cherunda Lynn Fox,0
Marinette,President,,DEM,Kamala D. Harris,7415
Marinette,President,,REP,Donald J. Trump,16670
Marinette,President,,CON,Randall Terry,33
Marinette,President,,LIB,Chase Russell Oliver,60
Marinette,President,,WGR,Jill Stein,45
Marinette,President,,NP,Claudia De la Cruz,6
Marinette,President,,NP,Cornel West,7
Marinette,President,,NP,Robert F. Kennedy Jr.,128
Marinette,President,,NP,Peter Sonski,8
Marinette,President,,NP,Cherunda Lynn Fox,0
Marquette,President,,DEM,Kamala D. Harris,3252
Marquette,President,,REP,Donald J. Trump,6041
Marquette,President,,CON,Randall Terry,18
Marquette,President,,LIB,Chase Russell Oliver,21
Marquette,President,,WGR,Jill Stein,16
Marquette,President,,NP,Claudia De la Cruz,1
Marquette,President,,NP,Cornel West,2
Marquette,President,,NP,Robert F. Kennedy Jr.,55
Marquette,President,,NP,Peter Sonski,0
Marquette,President,,NP,Cherunda Lynn Fox,0
Menominee,President,,DEM,Kamala D. Harris,1266
Menominee,President,,REP,Donald J. Trump,296
Menominee,President,,CON,Randall Terry,0
Menominee,President,,LIB,Chase Russell Oliver,1
Menominee,President,,WGR,Jill Stein,2
Menominee,President,,NP,Claudia De la Cruz,0
Menominee,President,,NP,Cornel West,0
Menominee,President,,NP,Robert F. Kennedy Jr.,7
Menominee,President,,NP,Peter Sonski,0
Menominee,President,,NP,Cherunda Lynn Fox,0
Milwaukee,President,,DEM,Kamala D. Harris,316292
Milwaukee,President,,REP,Donald J. Trump,138022
Milwaukee,President,,CON,Randall Terry,442
Milwaukee,President,,LIB,Chase Russell Oliver,1146
Milwaukee,President,,WGR,Jill Stein,3288
Milwaukee,President,,NP,Claudia De la Cruz,622
Milwaukee,President,,NP,Cornel West,1049
Milwaukee,President,,NP,Robert F. Kennedy Jr.,1905
Milwaukee,President,,NP,Peter Sonski,71
Milwaukee,President,,NP,Cherunda Lynn Fox,0
Monroe,President,,DEM,Kamala D. Harris,8476
Monroe,President,,REP,Donald J. Trump,14563
Monroe,President,,CON,Randall Terry,27
Monroe,President,,LIB,Chase Russell Oliver,59
Monroe,President,,WGR,Jill Stein,47
Monroe,President,,NP,Claudia De la Cruz,8
Monroe,President,,NP,Cornel West,11
Monroe,President,,NP,Robert F. Kennedy Jr.,130
Monroe,President,,NP,Peter Sonski,10
Monroe,President,,NP,Cherunda Lynn Fox,0
Oconto,President,,DEM,Kamala D. Harris,6967
Oconto,President,,REP,Donald J. Trump,17675
Oconto,President,,CON,Randall Terry,33
Oconto,President,,LIB,Chase Russell Oliver,67
Oconto,President,,WGR,Jill Stein,29
Oconto,President,,NP,Claudia De la Cruz,8
Oconto,President,,NP,Cornel West,7
Oconto,President,,NP,Robert F. Kennedy Jr.,95
Oconto,President,,NP,Peter Sonski,2
Oconto,President,,NP,Cherunda Lynn Fox,0
Oneida,President,,DEM,Kamala D. Harris,10080
Oneida,President,,REP,Donald J. Trump,14455
Oneida,President,,CON,Randall Terry,41
Oneida,President,,LIB,Chase Russell Oliver,79
Oneida,President,,WGR,Jill Stein,41
Oneida,President,,NP,Claudia De la Cruz,6
Oneida,President,,NP,Cornel West,8
Oneida,President,,NP,Robert F. Kennedy Jr.,127
Oneida,President,,NP,Peter Sonski,3
Oneida,President,,NP,Cherunda Lynn Fox,0
Outagamie,President,,DEM,Kamala D. Harris,49438
Outagamie,President,,REP,Donald J. Trump,60827
Outagamie,President,,CON,Randall Terry,142
Outagamie,President,,LIB,Chase Russell Oliver,464
Outagamie,President,,WGR,Jill Stein,306
Outagamie,President,,NP,Claudia De la Cruz,54
Outagamie,President,,NP,Cornel West,75
Outagamie,President,,NP,Robert F. Kennedy Jr.,599
Outagamie,President,,NP,Peter Sonski,27
Outagamie,President,,NP,Cherunda Lynn Fox,0
Ozaukee,President,,DEM,Kamala D. Harris,27874
Ozaukee,President,,REP,Donald J. Trump,34504
Ozaukee,President,,CON,Randall Terry,68
Ozaukee,President,,LIB,Chase Russell Oliver,225
Ozaukee,President,,WGR,Jill Stein,192
Ozaukee,President,,NP,Claudia De la Cruz,20
Ozaukee,President,,NP,Cornel West,31
Ozaukee,President,,NP,Robert F. Kennedy Jr.,285
Ozaukee,President,,NP,Peter Sonski,21
Ozaukee,President,,NP,Cherunda Lynn Fox,0
Pepin,President,,DEM,Kamala D. Harris,1523
Pepin,President,,REP,Donald J. Trump,2798
Pepin,President,,CON,Randall Terry,4
Pepin,President,,LIB,Chase Russell Oliver,9
Pepin,President,,WGR,Jill Stein,5
Pepin,President,,NP,Claudia De la Cruz,1
Pepin,President,,NP,Cornel West,3
Pepin,President,,NP,Robert F. Kennedy Jr.,11
Pepin,President,,NP,Peter Sonski,0
Pepin,President,,NP,Cherunda Lynn Fox,0
Pierce,President,,DEM,Kamala D. Harris,10171
Pierce,President,,REP,Donald J. Trump,14417
Pierce,President,,CON,Randall Terry,49
Pierce,President,,LIB,Chase Russell Oliver,101
Pierce,President,,WGR,Jill Stein,186
Pierce,President,,NP,Claudia De la Cruz,20
Pierce,President,,NP,Cornel West,28
Pierce,President,,NP,Robert F. Kennedy Jr.,348
Pierce,President,,NP,Peter Sonski,14
Pierce,President,,NP,Cherunda Lynn Fox,0
Polk,President,,DEM,Kamala D. Harris,9567
Polk,President,,REP,Donald J. Trump,18296
Polk,President,,CON,Randall Terry,47
Polk,President,,LIB,Chase Russell Oliver,86
Polk,President,,WGR,Jill Stein,65
Polk,President,,NP,Claudia De la Cruz,12
Polk,President,,NP,Cornel West,3
Polk,President,,NP,Robert F. Kennedy Jr.,136
Polk,President,,NP,Peter Sonski,9
Polk,President,,NP,Cherunda Lynn Fox,0
Portage,President,,DEM,Kamala D. Harris,21503
Portage,President,,REP,Donald J. Trump,20987
Portage,President,,CON,Randall Terry,51
Portage,President,,LIB,Chase Russell Oliver,149
Portage,President,,WGR,Jill Stein,130
Portage,President,,NP,Claudia De la Cruz,25
Portage,President,,NP,Cornel West,69
Portage,President,,NP,Robert F. Kennedy Jr.,244
Portage,President,,NP,Peter Sonski,13
Portage,President,,NP,Cherunda Lynn Fox,0
Price,President,,DEM,Kamala D. Harris,3005
Price,President,,REP,Donald J. Trump,5763
Price,President,,CON,Randall Terry,11
Price,President,,LIB,Chase Russell Oliver,18
Price,President,,WGR,Jill Stein,13
Price,President,,NP,Claudia De la Cruz,2
Price,President,,NP,Cornel West,2
Price,President,,NP,Robert F. Kennedy Jr.,42
Price,President,,NP,Peter Sonski,0
Price,President,,NP,Cherunda Lynn Fox,0
Racine,President,,DEM,Kamala D. Harris,49721
Racine,President,,REP,Donald J. Trump,56347
Racine,President,,CON,Randall Terry,106
Racine,President,,LIB,Chase Russell Oliver,285
Racine,President,,WGR,Jill Stein,341
Racine,President,,NP,Claudia De la Cruz,48
Racine,President,,NP,Cornel West,64
Racine,President,,NP,Robert F. Kennedy Jr.,490
Racine,President,,NP,Peter Sonski,13
Racine,President,,NP,Cherunda Lynn Fox,0
Richland,President,,DEM,Kamala D. Harris,3985
Richland,President,,REP,Donald J. Trump,5207
Richland,President,,CON,Randall Terry,11
Richland,President,,LIB,Chase Russell Oliver,19
Richland,President,,WGR,Jill Stein,25
Richland,President,,NP,Claudia De la Cruz,4
Richland,President,,NP,Cornel West,4
Richland,President,,NP,Robert F. Kennedy Jr.,50
Richland,President,,NP,Peter Sonski,4
Richland,President,,NP,Cherunda Lynn Fox,0
Rock,President,,DEM,Kamala D. Harris,46642
Rock,President,,REP,Donald J. Trump,40218
Rock,President,,CON,Randall Terry,99
Rock,President,,LIB,Chase Russell Oliver,247
Rock,President,,WGR,Jill Stein,315
Rock,President,,NP,Claudia De la Cruz,48
Rock,President,,NP,Cornel West,47
Rock,President,,NP,Robert F. Kennedy Jr.,497
Rock,President,,NP,Peter Sonski,16
Rock,President,,NP,Cherunda Lynn Fox,0
Rusk,President,,DEM,Kamala D. Harris,2516
Rusk,President,,REP,Donald J. Trump,5660
Rusk,President,,CON,Randall Terry,14
Rusk,President,,LIB,Chase Russell Oliver,15
Rusk,President,,WGR,Jill Stein,19
Rusk,President,,NP,Claudia De la Cruz,0
Rusk,President,,NP,Cornel West,1
Rusk,President,,NP,Robert F. Kennedy Jr.,36
Rusk,President,,NP,Peter Sonski,4
Rusk,President,,NP,Cherunda Lynn Fox,0
Sauk,President,,DEM,Kamala D. Harris,18172
Sauk,President,,REP,Donald J. Trump,18798
Sauk,President,,CON,Randall Terry,54
Sauk,President,,LIB,Chase Russell Oliver,98
Sauk,President,,WGR,Jill Stein,118
Sauk,President,,NP,Claudia De la Cruz,26
Sauk,President,,NP,Cornel West,21
Sauk,President,,NP,Robert F. Kennedy Jr.,287
Sauk,President,,NP,Peter Sonski,10
Sauk,President,,NP,Cherunda Lynn Fox,0
Sawyer,President,,DEM,Kamala D. Harris,4599
Sawyer,President,,REP,Donald J. Trump,6422
Sawyer,President,,CON,Randall Terry,16
Sawyer,President,,LIB,Chase Russell Oliver,23
Sawyer,President,,WGR,Jill Stein,17
Sawyer,President,,NP,Claudia De la Cruz,1
Sawyer,President,,NP,Cornel West,3
Sawyer,President,,NP,Robert F. Kennedy Jr.,41
Sawyer,President,,NP,Peter Sonski,0
Sawyer,President,,NP,Cherunda Lynn Fox,0
Shawano,President,,DEM,Kamala D. Harris,7336
Shawano,President,,REP,Donald J. Trump,15850
Shawano,President,,CON,Randall Terry,34
Shawano,President,,LIB,Chase Russell Oliver,53
Shawano,President,,WGR,Jill Stein,51
Shawano,President,,NP,Claudia De la Cruz,4
Shawano,President,,NP,Cornel West,4
Shawano,President,,NP,Robert F. Kennedy Jr.,123
Shawano,President,,NP,Peter Sonski,3
Shawano,President,,NP,Cherunda Lynn Fox,0
Juneau,President,,DEM,Kamala D. Harris,0
Juneau,President,,REP,Donald J. Trump,0
Juneau,President,,CON,Randall Terry,0
Juneau,President,,LIB,Chase Russell Oliver,23
Kenosha,President,,DEM,Kamala D. Harris,0
Kenosha,President,,REP,Donald J. Trump,0
Kenosha,President,,CON,Randall Terry,0
Kenosha,President,,LIB,Chase Russell Oliver,199
Kewaunee,President,,DEM,Kamala D. Harris,0
Kewaunee,President,,REP,Donald J. Trump,0
Kewaunee,President,,CON,Randall Terry,0
Kewaunee,President,,LIB,Chase Russell Oliver,18
La Crosse,President,,DEM,Kamala D. Harris,0
La Crosse,President,,REP,Donald J. Trump,0
La Crosse,President,,CON,Randall Terry,0
La Crosse,President,,LIB,Chase Russell Oliver,0
Lafayette,President,,DEM,Kamala D. Harris,0
Lafayette,President,,REP,Donald J. Trump,0
Lafayette,President,,CON,Randall Terry,0
Lafayette,President,,LIB,Chase Russell Oliver,0
Langlade,President,,DEM,Kamala D. Harris,0
Langlade,President,,REP,Donald J. Trump,0
Langlade,President,,CON,Randall Terry,0
Langlade,President,,LIB,Chase Russell Oliver,5
Lincoln,President,,DEM,Kamala D. Harris,0
Lincoln,President,,REP,Donald J. Trump,0
Lincoln,President,,CON,Randall Terry,0
Lincoln,President,,LIB,Chase Russell Oliver,21
Manitowoc,President,,DEM,Kamala D. Harris,0
Manitowoc,President,,REP,Donald J. Trump,0
Manitowoc,President,,CON,Randall Terry,0
Manitowoc,President,,LIB,Chase Russell Oliver,78
Marathon,President,,DEM,Kamala D. Harris,0
Marathon,President,,REP,Donald J. Trump,0
Marathon,President,,CON,Randall Terry,0
Marathon,President,,LIB,Chase Russell Oliver,147
Marinette,President,,DEM,Kamala D. Harris,0
Marinette,President,,REP,Donald J. Trump,0
Marinette,President,,CON,Randall Terry,0
Marinette,President,,LIB,Chase Russell Oliver,43
Marquette,President,,DEM,Kamala D. Harris,0
Marquette,President,,REP,Donald J. Trump,0
Marquette,President,,CON,Randall Terry,0
Marquette,President,,LIB,Chase Russell Oliver,21
Menominee,President,,DEM,Kamala D. Harris,0
Menominee,President,,REP,Donald J. Trump,0
Menominee,President,,CON,Randall Terry,0
Menominee,President,,LIB,Chase Russell Oliver,0
Milwaukee,President,,DEM,Kamala D. Harris,0
Milwaukee,President,,REP,Donald J. Trump,0
Milwaukee,President,,CON,Randall Terry,0
Milwaukee,President,,LIB,Chase Russell Oliver,1270
Monroe,President,,DEM,Kamala D. Harris,0
Monroe,President,,REP,Donald J. Trump,0
Monroe,President,,CON,Randall Terry,0
Monroe,President,,LIB,Chase Russell Oliver,38
Oconto,President,,DEM,Kamala D. Harris,0
Oconto,President,,REP,Donald J. Trump,0
Oconto,President,,CON,Randall Terry,0
Oconto,President,,LIB,Chase Russell Oliver,29
Oneida,President,,DEM,Kamala D. Harris,0
Oneida,President,,REP,Donald J. Trump,0
Oneida,President,,CON,Randall Terry,0
Oneida,President,,LIB,Chase Russell Oliver,55
Outagamie,President,,DEM,Kamala D. Harris,0
Outagamie,President,,REP,Donald J. Trump,0
Outagamie,President,,CON,Randall Terry,0
Outagamie,President,,LIB,Chase Russell Oliver,0
Ozaukee,President,,DEM,Kamala D. Harris,0
Ozaukee,President,,REP,Donald J. Trump,0
Ozaukee,President,,CON,Randall Terry,0
Ozaukee,President,,LIB,Chase Russell Oliver,252
Pepin,President,,DEM,Kamala D. Harris,0
Pepin,President,,REP,Donald J. Trump,0
Pepin,President,,CON,Randall Terry,0
Pepin,President,,LIB,Chase Russell Oliver,0
Pierce,President,,DEM,Kamala D. Harris,0
Pierce,President,,REP,Donald J. Trump,0
Pierce,President,,CON,Randall Terry,0
Pierce,President,,LIB,Chase Russell Oliver,58
Polk,President,,DEM,Kamala D. Harris,0
Polk,President,,REP,Donald J. Trump,1
Polk,President,,CON,Randall Terry,0
Polk,President,,LIB,Chase Russell Oliver,0
Portage,President,,DEM,Kamala D. Harris,0
Portage,President,,REP,Donald J. Trump,0
Portage,President,,CON,Randall Terry,0
Portage,President,,LIB,Chase Russell Oliver,87
Price,President,,DEM,Kamala D. Harris,0
Price,President,,REP,Donald J. Trump,0
Price,President,,CON,Randall Terry,0
Price,President,,LIB,Chase Russell Oliver,0
Racine,President,,DEM,Kamala D. Harris,0
Racine,President,,REP,Donald J. Trump,0
Racine,President,,CON,Randall Terry,0
Racine,President,,LIB,Chase Russell Oliver,271
Richland,President,,DEM,Kamala D. Harris,0
Richland,President,,REP,Donald J. Trump,0
Richland,President,,CON,Randall Terry,0
Richland,President,,LIB,Chase Russell Oliver,14
Rock,President,,DEM,Kamala D. Harris,0
Rock,President,,REP,Donald J. Trump,0
Rock,President,,CON,Randall Terry,0
Rock,President,,LIB,Chase Russell Oliver,181
Rusk,President,,DEM,Kamala D. Harris,0
Rusk,President,,REP,Donald J. Trump,0
Rusk,President,,CON,Randall Terry,0
Rusk,President,,LIB,Chase Russell Oliver,5
Sauk,President,,DEM,Kamala D. Harris,0
Sauk,President,,REP,Donald J. Trump,0
Sauk,President,,CON,Randall Terry,0
Sauk,President,,LIB,Chase Russell Oliver,0
Sawyer,President,,DEM,Kamala D. Harris,0
Sawyer,President,,REP,Donald J. Trump,0
Sawyer,President,,CON,Randall Terry,0
Sawyer,President,,LIB,Chase Russell Oliver,18
Shawano,President,,DEM,Kamala D. Harris,0
Shawano,President,,REP,Donald J. Trump,0
Shawano,President,,CON,Randall Terry,0
Shawano,President,,LIB,Chase Russell Oliver,42
Shawano,President,,WGR,Jill Stein,11
Shawano,President,,NP,Claudia De la Cruz,27
Shawano,President,,NP,Cornel West,2024
Shawano,President,,NP,Robert F. Kennedy Jr.,11
Shawano,President,,NP,Peter Sonski,26
Shawano,President,,NP,Cherunda Lynn Fox,24
Sheboygan,President,,DEM,Kamala D. Harris,27735
Sheboygan,President,,REP,Donald J. Trump,38763
Sheboygan,President,,CON,Randall Terry,115
Sheboygan,President,,LIB,Chase Russell Oliver,226
Sheboygan,President,,WGR,Jill Stein,146
Sheboygan,President,,NP,Claudia De la Cruz,22
Sheboygan,President,,NP,Cornel West,34
Sheboygan,President,,NP,Robert F. Kennedy Jr.,369
Sheboygan,President,,NP,Peter Sonski,5
Sheboygan,President,,NP,Cherunda Lynn Fox,0
St. Croix,President,,DEM,Kamala D. Harris,23870
St. Croix,President,,REP,Donald J. Trump,35537
St. Croix,President,,CON,Randall Terry,93
St. Croix,President,,LIB,Chase Russell Oliver,286
St. Croix,President,,WGR,Jill Stein,195
St. Croix,President,,NP,Claudia De la Cruz,28
St. Croix,President,,NP,Cornel West,42
St. Croix,President,,NP,Robert F. Kennedy Jr.,426
St. Croix,President,,NP,Peter Sonski,10
St. Croix,President,,NP,Cherunda Lynn Fox,0
Taylor,President,,DEM,Kamala D. Harris,2823
Taylor,President,,REP,Donald J. Trump,8209
Taylor,President,,CON,Randall Terry,23
Taylor,President,,LIB,Chase Russell Oliver,34
Taylor,President,,WGR,Jill Stein,25
Taylor,President,,NP,Claudia De la Cruz,0
Taylor,President,,NP,Cornel West,9
Taylor,President,,NP,Robert F. Kennedy Jr.,49
Taylor,President,,NP,Peter Sonski,14
Taylor,President,,NP,Cherunda Lynn Fox,0
Trempealeau,President,,DEM,Kamala D. Harris,6219
Trempealeau,President,,REP,Donald J. Trump,9661
Trempealeau,President,,CON,Randall Terry,13
Trempealeau,President,,LIB,Chase Russell Oliver,44
Trempealeau,President,,WGR,Jill Stein,27
Trempealeau,President,,NP,Claudia De la Cruz,3
Trempealeau,President,,NP,Cornel West,2
Trempealeau,President,,NP,Robert F. Kennedy Jr.,97
Trempealeau,President,,NP,Peter Sonski,1
Trempealeau,President,,NP,Cherunda Lynn Fox,0
Vernon,President,,DEM,Kamala D. Harris,7514
Vernon,President,,REP,Donald J. Trump,8807
Vernon,President,,CON,Randall Terry,21
Vernon,President,,LIB,Chase Russell Oliver,44
Vernon,President,,WGR,Jill Stein,67
Vernon,President,,NP,Claudia De la Cruz,8
Vernon,President,,NP,Cornel West,12
Vernon,President,,NP,Robert F. Kennedy Jr.,106
Vernon,President,,NP,Peter Sonski,1
Vernon,President,,NP,Cherunda Lynn Fox,0
Vilas,President,,DEM,Kamala D. Harris,6119
Vilas,President,,REP,Donald J. Trump,9837
Vilas,President,,CON,Randall Terry,17
Vilas,President,,LIB,Chase Russell Oliver,30
Vilas,President,,WGR,Jill Stein,21
Vilas,President,,NP,Claudia De la Cruz,0
Vilas,President,,NP,Cornel West,3
Vilas,President,,NP,Robert F. Kennedy Jr.,74
Vilas,President,,NP,Peter Sonski,2
Vilas,President,,NP,Cherunda Lynn Fox,0
Walworth,President,,DEM,Kamala D. Harris,23161
Walworth,President,,REP,Donald J. Trump,36603
Walworth,President,,CON,Randall Terry,65
Walworth,President,,LIB,Chase Russell Oliver,185
Walworth,President,,WGR,Jill Stein,120
Walworth,President,,NP,Claudia De la Cruz,18
Walworth,President,,NP,Cornel West,16
Walworth,President,,NP,Robert F. Kennedy Jr.,297
Walworth,President,,NP,Peter Sonski,5
Walworth,President,,NP,Cherunda Lynn Fox,0
Washburn,President,,DEM,Kamala D. Harris,3867
Washburn,President,,REP,Donald J. Trump,6962
Washburn,President,,CON,Randall Terry,13
Washburn,President,,LIB,Chase Russell Oliver,40
Washburn,President,,WGR,Jill Stein,22
Washburn,President,,NP,Claudia De la Cruz,3
Washburn,President,,NP,Cornel West,4
Washburn,President,,NP,Robert F. Kennedy Jr.,42
Washburn,President,,NP,Peter Sonski,1
Washburn,President,,NP,Cherunda Lynn Fox,0
Washington,President,,DEM,Kamala D. Harris,28504
Washington,President,,REP,Donald J. Trump,61604
Washington,President,,CON,Randall Terry,111
Washington,President,,LIB,Chase Russell Oliver,300
Washington,President,,WGR,Jill Stein,153
Washington,President,,NP,Claudia De la Cruz,29
Washington,President,,NP,Cornel West,19
Washington,President,,NP,Robert F. Kennedy Jr.,442
Washington,President,,NP,Peter Sonski,11
Washington,President,,NP,Cherunda Lynn Fox,0
Waukesha,President,,DEM,Kamala D. Harris,108478
Waukesha,President,,REP,Donald J. Trump,162768
Waukesha,President,,CON,Randall Terry,284
Waukesha,President,,LIB,Chase Russell Oliver,1033
Waukesha,President,,WGR,Jill Stein,943
Waukesha,President,,NP,Claudia De la Cruz,79
Waukesha,President,,NP,Cornel West,114
Waukesha,President,,NP,Robert F. Kennedy Jr.,1146
Waukesha,President,,NP,Peter Sonski,0
Waukesha,President,,NP,Cherunda Lynn Fox,0
Waupaca,President,,DEM,Kamala D. Harris,9947
Waupaca,President,,REP,Donald J. Trump,20093
Waupaca,President,,CON,Randall Terry,46
Waupaca,President,,LIB,Chase Russell Oliver,92
Waupaca,President,,WGR,Jill Stein,49
Waupaca,President,,NP,Claudia De la Cruz,7
Waupaca,President,,NP,Cornel West,8
Waupaca,President,,NP,Robert F. Kennedy Jr.,125
Waupaca,President,,NP,Peter Sonski,4
Waupaca,President,,NP,Cherunda Lynn Fox,0
Waushara,President,,DEM,Kamala D. Harris,4571
Waushara,President,,REP,Donald J. Trump,9625
Waushara,President,,CON,Randall Terry,20
Waushara,President,,LIB,Chase Russell Oliver,41
Waushara,President,,WGR,Jill Stein,29
Waushara,President,,NP,Claudia De la Cruz,2
Waushara,President,,NP,Cornel West,2
Waushara,President,,NP,Robert F. Kennedy Jr.,70
Waushara,President,,NP,Peter Sonski,3
Waushara,President,,NP,Cherunda Lynn Fox,0
Winnebago,President,,DEM,Kamala D. Harris,44660
Winnebago,President,,REP,Donald J. Trump,49179
Winnebago,President,,CON,Randall Terry,111
Winnebago,President,,LIB,Chase Russell Oliver,372
Winnebago,President,,WGR,Jill Stein,267
Winnebago,President,,NP,Claudia De la Cruz,43
Winnebago,President,,NP,Cornel West,25
Winnebago,President,,NP,Robert F. Kennedy Jr.,509
Winnebago,President,,NP,Peter Sonski,17
Winnebago,President,,NP,Cherunda Lynn Fox,0
Wood,President,,DEM,Kamala D. Harris,16599
Wood,President,,REP,Donald J. Trump,24997
Wood,President,,CON,Randall Terry,68
Wood,President,,LIB,Chase Russell Oliver,129
Wood,President,,WGR,Jill Stein,86
Wood,President,,NP,Claudia De la Cruz,18
Wood,President,,NP,Cornel West,14
Wood,President,,NP,Robert F. Kennedy Jr.,238
Wood,President,,NP,Peter Sonski,10
Wood,President,,NP,Cherunda Lynn Fox,0
Sheboygan,President,,DEM,Kamala D. Harris,0
Sheboygan,President,,REP,Donald J. Trump,0
Sheboygan,President,,CON,Randall Terry,0
Sheboygan,President,,LIB,Chase Russell Oliver,147
St. Croix,President,,DEM,Kamala D. Harris,0
St. Croix,President,,REP,Donald J. Trump,0
St. Croix,President,,CON,Randall Terry,0
St. Croix,President,,LIB,Chase Russell Oliver,155
Taylor,President,,DEM,Kamala D. Harris,0
Taylor,President,,REP,Donald J. Trump,0
Taylor,President,,CON,Randall Terry,0
Taylor,President,,LIB,Chase Russell Oliver,0
Trempealeau,President,,DEM,Kamala D. Harris,0
Trempealeau,President,,REP,Donald J. Trump,0
Trempealeau,President,,CON,Randall Terry,0
Trempealeau,President,,LIB,Chase Russell Oliver,12
Vernon,President,,DEM,Kamala D. Harris,0
Vernon,President,,REP,Donald J. Trump,0
Vernon,President,,CON,Randall Terry,0
Vernon,President,,LIB,Chase Russell Oliver,29
Vilas,President,,DEM,Kamala D. Harris,0
Vilas,President,,REP,Donald J. Trump,0
Vilas,President,,CON,Randall Terry,0
Vilas,President,,LIB,Chase Russell Oliver,32
Walworth,President,,DEM,Kamala D. Harris,0
Walworth,President,,REP,Donald J. Trump,0
Walworth,President,,CON,Randall Terry,0
Walworth,President,,LIB,Chase Russell Oliver,127
Washburn,President,,DEM,Kamala D. Harris,0
Washburn,President,,REP,Donald J. Trump,0
Washburn,President,,CON,Randall Terry,0
Washburn,President,,LIB,Chase Russell Oliver,24
Washington,President,,DEM,Kamala D. Harris,0
Washington,President,,REP,Donald J. Trump,0
Washington,President,,CON,Randall Terry,0
Washington,President,,LIB,Chase Russell Oliver,234
Waukesha,President,,DEM,Kamala D. Harris,0
Waukesha,President,,REP,Donald J. Trump,0
Waukesha,President,,CON,Randall Terry,0
Waukesha,President,,LIB,Chase Russell Oliver,942
Waupaca,President,,DEM,Kamala D. Harris,0
Waupaca,President,,REP,Donald J. Trump,0
Waupaca,President,,CON,Randall Terry,0
Waupaca,President,,LIB,Chase Russell Oliver,32
Waushara,President,,DEM,Kamala D. Harris,0
Waushara,President,,REP,Donald J. Trump,0
Waushara,President,,CON,Randall Terry,0
Waushara,President,,LIB,Chase Russell Oliver,0
Winnebago,President,,DEM,Kamala D. Harris,0
Winnebago,President,,REP,Donald J. Trump,0
Winnebago,President,,CON,Randall Terry,0
Winnebago,President,,LIB,Chase Russell Oliver,188
Wood,President,,DEM,Kamala D. Harris,0
Wood,President,,REP,Donald J. Trump,0
Wood,President,,CON,Randall Terry,0
Wood,President,,LIB,Chase Russell Oliver,57
Wood,President,,WGR,Jill Stein,0
Wood,President,,NP,Claudia De la Cruz,12
Wood,President,,NP,Cornel West,1
Wood,President,,NP,Robert F. Kennedy Jr.,0
Wood,President,,NP,Peter Sonski,7131
Wood,President,,NP,Cherunda Lynn Fox,11
